Informazione,Descrizione
address1,1 Meta Way
city,Menlo Park
state,CA
zip,94025
country,United States
phone,650 543 4800
website,https://investor.fb.com
industry,Internet Content & Information
industryKey,internet-content-information
industryDisp,Internet Content & Information
sector,Communication Services
sectorKey,communication-services
sectorDisp,Communication Services
longBusinessSummary,"Meta Platforms, Inc. engages in the development of products that enable people to connect and share with friends and family through mobile devices, personal computers, virtual reality headsets, and wearables worldwide. It operates in two segments, Family of Apps and Reality Labs. The Family of Apps segment offers Facebook, which enables people to share, discuss, discover, and connect with interests; Instagram, a community for sharing photos, videos, and private messages, as well as feed, stories, reels, video, live, and shops; Messenger, a messaging application for people to connect with friends, family, communities, and businesses across platforms and devices through text, audio, and video calls; and WhatsApp, a messaging application that is used by people and businesses to communicate and transact privately. The Reality Labs segment provides augmented and virtual reality related products comprising consumer hardware, software, and content that help people feel connected, anytime, and anywhere. The company was formerly known as Facebook, Inc. and changed its name to Meta Platforms, Inc. in October 2021. The company was incorporated in 2004 and is headquartered in Menlo Park, California"
fullTimeEmployees,72404
companyOfficers,"[{'maxAge': 1, 'name': 'Mr. Mark Elliot Zuckerberg', 'age': 40, 'title': 'Founder, Chairman & CEO', 'yearBorn': 1984, 'fiscalYear': 2023, 'totalPay': 24399968, 'exercisedValue': 0, 'unexercisedValue': 0}, {'maxAge': 1, 'name': 'Ms. Susan J. S. Li', 'age': 38, 'title': 'Chief Financial Officer', 'yearBorn': 1986, 'fiscalYear': 2023, 'totalPay': 1963161, 'exercisedValue': 0, 'unexercisedValue': 0}, {'maxAge': 1, 'name': 'Mr. Javier  Olivan', 'age': 47, 'title': 'Chief Operating Officer', 'yearBorn': 1977, 'fiscalYear': 2023, 'totalPay': 4065442, 'exercisedValue': 0, 'unexercisedValue': 0}, {'maxAge': 1, 'name': 'Mr. Andrew  Bosworth', 'age': 42, 'title': 'Chief Technology Officer', 'yearBorn': 1982, 'fiscalYear': 2023, 'totalPay': 2000988, 'exercisedValue': 0, 'unexercisedValue': 0}, {'maxAge': 1, 'name': 'Mr. Christopher K. Cox', 'age': 41, 'title': 'Chief Product Officer', 'yearBorn': 1983, 'fiscalYear': 2023, 'totalPay': 2013913, 'exercisedValue': 0, 'unexercisedValue': 0}, {'maxAge': 1, 'name': 'Mr. Aaron A. Anderson', 'title': 'Chief Accounting Officer', 'fiscalYear': 2023, 'exercisedValue': 0, 'unexercisedValue': 0}, {'maxAge': 1, 'name': 'Mr. Atish  Banerjea', 'age': 58, 'title': 'Chief Information Officer', 'yearBorn': 1966, 'fiscalYear': 2023, 'exercisedValue': 0, 'unexercisedValue': 0}, {'maxAge': 1, 'name': 'Ms. Deborah T. Crawford', 'title': 'Vice President of Investor Relations', 'fiscalYear': 2023, 'exercisedValue': 0, 'unexercisedValue': 0}, {'maxAge': 1, 'name': 'Ms. Jennifer G. Newstead J.D.', 'age': 54, 'title': 'Chief Legal Officer', 'yearBorn': 1970, 'fiscalYear': 2023, 'totalPay': 3079624, 'exercisedValue': 0, 'unexercisedValue': 0}, {'maxAge': 1, 'name': 'Mr. Henry T. A. Moniz', 'age': 59, 'title': 'Chief Compliance Officer', 'yearBorn': 1965, 'fiscalYear': 2023, 'exercisedValue': 0, 'unexercisedValue': 0}]"
auditRisk,10
boardRisk,10
compensationRisk,10
shareHolderRightsRisk,10
overallRisk,10
governanceEpochDate,1735689600
compensationAsOfEpochDate,1703980800
maxAge,86400
priceHint,2
previousClose,617.12
open,611.5
dayLow,609.71
dayHigh,616.25
regularMarketPreviousClose,617.12
regularMarketOpen,611.5
regularMarketDayLow,609.71
regularMarketDayHigh,616.25
dividendRate,2.0
dividendYield,0.0032
exDividendDate,1734307200
payoutRatio,0.0708
beta,1.215
trailingPE,28.875767
forwardPE,24.048769
volume,8285006
regularMarketVolume,8285006
averageVolume,12532709
averageVolume10days,12595050
averageDailyVolume10Day,12595050
bid,580.35
ask,642.29
bidSize,100
askSize,100
marketCap,1543220756480
fiftyTwoWeekLow,370.95
fiftyTwoWeekHigh,638.4
priceToSalesTrailing12Months,9.878067
fiftyDayAverage,593.9022
twoHundredDayAverage,533.098
trailingAnnualDividendRate,1.5
trailingAnnualDividendYield,0.0024306455
currency,USD
enterpriseValue,1536059375616
profitMargins,0.35549998
floatShares,2175553728
sharesOutstanding,2180000000
sharesShort,25194083
sharesShortPriorMonth,30451548
sharesShortPreviousMonthDate,1732838400
dateShortInterest,1735603200
sharesPercentSharesOut,0.01
heldPercentInsiders,0.00159
heldPercentInstitutions,0.79407
shortRatio,2.01
shortPercentOfFloat,0.0116
impliedSharesOutstanding,2524489984
bookValue,65.186
priceToBook,9.377781
lastFiscalYearEnd,1703980800
nextFiscalYearEnd,1735603200
mostRecentQuarter,1727654400
earningsQuarterlyGrowth,0.354
netIncomeToCommon,55538999296
trailingEps,21.17
forwardEps,25.3
enterpriseToRevenue,9.832
enterpriseToEbitda,19.392
52WeekChange,0.6407093
SandP52WeekChange,0.24450636
lastDividendValue,0.5
lastDividendDate,1734307200
exchange,NMS
quoteType,EQUITY
symbol,META
underlyingSymbol,META
shortName,"Meta Platforms, Inc."
longName,"Meta Platforms, Inc."
firstTradeDateEpochUtc,1337347800
timeZoneFullName,America/New_York
timeZoneShortName,EST
uuid,e59f1c4f-b1aa-3d70-a8c3-eb59ff3e461b
messageBoardId,finmb_713899537
gmtOffSetMilliseconds,-18000000
currentPrice,611.3
targetHighPrice,811.0
targetLowPrice,475.0
targetMeanPrice,665.1997
targetMedianPrice,671.5
recommendationMean,1.51471
recommendationKey,buy
numberOfAnalystOpinions,62
totalCash,70899998720
totalCashPerShare,28.085
ebitda,79208996864
totalDebt,49046999040
quickRatio,2.568
currentRatio,2.732
totalRevenue,156226994176
debtToEquity,29.811
revenuePerShare,61.428
returnOnAssets,0.17188999
returnOnEquity,0.36134
grossProfits,127327002624
freeCashflow,39083376640
operatingCashflow,82744000512
earningsGrowth,0.374
revenueGrowth,0.189
grossMargins,0.81501
ebitdaMargins,0.50701
operatingMargins,0.42765
financialCurrency,USD
trailingPegRatio,1.3777
