Informazione,Descrizione
address1,One Microsoft Way
city,Redmond
state,WA
zip,98052-6399
country,United States
phone,425 882 8080
website,https://www.microsoft.com
industry,Software - Infrastructure
industryKey,software-infrastructure
industryDisp,Software - Infrastructure
sector,Technology
sectorKey,technology
sectorDisp,Technology
longBusinessSummary,"Microsoft Corporation develops and supports software, services, devices and solutions worldwide. The Productivity and Business Processes segment offers office, exchange, SharePoint, Microsoft Teams, office 365 Security and Compliance, Microsoft viva, and Microsoft 365 copilot; and office consumer services, such as Microsoft 365 consumer subscriptions, Office licensed on-premises, and other office services. This segment also provides LinkedIn; and dynamics business solutions, including Dynamics 365, a set of intelligent, cloud-based applications across ERP, CRM, power apps, and power automate; and on-premises ERP and CRM applications. The Intelligent Cloud segment offers server products and cloud services, such as azure and other cloud services; SQL and windows server, visual studio, system center, and related client access licenses, as well as nuance and GitHub; and enterprise services including enterprise support services, industry solutions, and nuance professional services. The More Personal Computing segment offers Windows, including windows OEM licensing and other non-volume licensing of the Windows operating system; Windows commercial comprising volume licensing of the Windows operating system, windows cloud services, and other Windows commercial offerings; patent licensing; and windows Internet of Things; and devices, such as surface, HoloLens, and PC accessories. Additionally, this segment provides gaming, which includes Xbox hardware and content, and first- and third-party content; Xbox game pass and other subscriptions, cloud gaming, advertising, third-party disc royalties, and other cloud services; and search and news advertising, which includes Bing, Microsoft News and Edge, and third-party affiliates. The company sells its products through OEMs, distributors, and resellers; and directly through digital marketplaces, online, and retail stores. The company was founded in 1975 and is headquartered in Redmond, Washington."
fullTimeEmployees,228000
companyOfficers,"[{'maxAge': 1, 'name': 'Mr. Satya  Nadella', 'age': 57, 'title': 'Chairman & CEO', 'yearBorn': 1967, 'fiscalYear': 2024, 'totalPay': 7869791, 'exercisedValue': 0, 'unexercisedValue': 0}, {'maxAge': 1, 'name': 'Mr. Bradford L. Smith LCA', 'age': 65, 'title': 'President & Vice Chairman', 'yearBorn': 1959, 'fiscalYear': 2024, 'totalPay': 4755618, 'exercisedValue': 0, 'unexercisedValue': 0}, {'maxAge': 1, 'name': 'Ms. Amy E. Hood', 'age': 52, 'title': 'Executive VP & CFO', 'yearBorn': 1972, 'fiscalYear': 2024, 'totalPay': 4704250, 'exercisedValue': 0, 'unexercisedValue': 0}, {'maxAge': 1, 'name': 'Mr. Judson B. Althoff', 'age': 51, 'title': 'Executive VP & Chief Commercial Officer', 'yearBorn': 1973, 'fiscalYear': 2024, 'totalPay': 4534974, 'exercisedValue': 0, 'unexercisedValue': 0}, {'maxAge': 1, 'name': 'Mr. Christopher David Young', 'age': 52, 'title': 'Executive Vice President of Business Development, Strategy & Ventures', 'yearBorn': 1972, 'fiscalYear': 2024, 'totalPay': 2993772, 'exercisedValue': 0, 'unexercisedValue': 0}, {'maxAge': 1, 'name': 'Ms. Carolina  Dybeck Happe', 'age': 52, 'title': 'Executive VP & COO', 'yearBorn': 1972, 'fiscalYear': 2024, 'exercisedValue': 0, 'unexercisedValue': 0}, {'maxAge': 1, 'name': 'Ms. Alice L. Jolla', 'age': 58, 'title': 'Corporate VP & Chief Accounting Officer', 'yearBorn': 1966, 'fiscalYear': 2024, 'exercisedValue': 0, 'unexercisedValue': 0}, {'maxAge': 1, 'name': 'Mr. James Kevin Scott', 'age': 52, 'title': 'Executive VP of AI & CTO', 'yearBorn': 1972, 'fiscalYear': 2024, 'exercisedValue': 0, 'unexercisedValue': 0}, {'maxAge': 1, 'name': 'Mr. Brett  Iversen', 'title': 'Vice President of Investor Relations', 'fiscalYear': 2024, 'exercisedValue': 0, 'unexercisedValue': 0}, {'maxAge': 1, 'name': 'Mr. Hossein  Nowbar', 'title': 'Chief Legal Officer', 'fiscalYear': 2024, 'exercisedValue': 0, 'unexercisedValue': 0}]"
auditRisk,9
boardRisk,5
compensationRisk,3
shareHolderRightsRisk,2
overallRisk,3
governanceEpochDate,1735689600
compensationAsOfEpochDate,1735603200
irWebsite,http://www.microsoft.com/investor/default.aspx
maxAge,86400
priceHint,2
previousClose,426.31
open,428.695
dayLow,424.39
dayHigh,429.49
regularMarketPreviousClose,426.31
regularMarketOpen,428.695
regularMarketDayLow,424.39
regularMarketDayHigh,429.49
dividendRate,3.32
dividendYield,0.0078
exDividendDate,1740009600
payoutRatio,0.2477
fiveYearAvgDividendYield,0.86
beta,0.904
trailingPE,35.06028
forwardPE,28.281464
volume,15163043
regularMarketVolume,15163043
averageVolume,21015603
averageVolume10days,17493940
averageDailyVolume10Day,17493940
bid,424.29
ask,450.42
bidSize,500
askSize,100
marketCap,3156701347840
fiftyTwoWeekLow,385.58
fiftyTwoWeekHigh,468.35
priceToSalesTrailing12Months,12.418669
fiftyDayAverage,428.0224
twoHundredDayAverage,425.09705
trailingAnnualDividendRate,3.08
trailingAnnualDividendYield,0.0072247894
currency,USD
enterpriseValue,3187973029888
profitMargins,0.35608003
floatShares,7424694989
sharesOutstanding,7434880000
sharesShort,62178630
sharesShortPriorMonth,63089851
sharesShortPreviousMonthDate,1732838400
dateShortInterest,1735603200
sharesPercentSharesOut,0.0084
heldPercentInsiders,0.00056
heldPercentInstitutions,0.73646003
shortRatio,2.97
shortPercentOfFloat,0.0084
impliedSharesOutstanding,7434880000
bookValue,38.693
priceToBook,10.973043
lastFiscalYearEnd,1719705600
nextFiscalYearEnd,1751241600
mostRecentQuarter,1727654400
earningsQuarterlyGrowth,0.107
netIncomeToCommon,90511998976
trailingEps,12.11
forwardEps,14.95
lastSplitFactor,2:1
lastSplitDate,1045526400
enterpriseToRevenue,12.542
enterpriseToEbitda,23.346
52WeekChange,0.082362175
SandP52WeekChange,0.24450636
lastDividendValue,0.83
lastDividendDate,1732147200
exchange,NMS
quoteType,EQUITY
symbol,MSFT
underlyingSymbol,MSFT
shortName,Microsoft Corporation
longName,Microsoft Corporation
firstTradeDateEpochUtc,511108200
timeZoneFullName,America/New_York
timeZoneShortName,EST
uuid,b004b3ec-de24-385e-b2c1-923f10d3fb62
messageBoardId,finmb_21835
gmtOffSetMilliseconds,-18000000
currentPrice,424.58
targetHighPrice,650.0
targetLowPrice,420.0
targetMeanPrice,508.4636
targetMedianPrice,500.0
recommendationMean,1.41379
recommendationKey,strong_buy
numberOfAnalystOpinions,50
totalCash,78429003776
totalCashPerShare,10.549
ebitda,136551997440
totalDebt,96838000640
quickRatio,1.163
currentRatio,1.301
totalRevenue,254189993984
debtToEquity,33.657
revenuePerShare,34.202
returnOnAssets,0.14592
returnOnEquity,0.35604
grossProfits,176278994944
freeCashflow,61280874496
operatingCashflow,122144997376
earningsGrowth,0.104
revenueGrowth,0.16
grossMargins,0.69348997
ebitdaMargins,0.53720003
operatingMargins,0.46583998
financialCurrency,USD
trailingPegRatio,2.2379
