Informazione,Descrizione
address1,1600 Amphitheatre Parkway
city,Mountain View
state,CA
zip,94043
country,United States
phone,650 253 0000
website,https://abc.xyz
industry,Internet Content & Information
industryKey,internet-content-information
industryDisp,Internet Content & Information
sector,Communication Services
sectorKey,communication-services
sectorDisp,Communication Services
longBusinessSummary,"Alphabet Inc. offers various products and platforms in the United States, Europe, the Middle East, Africa, the Asia-Pacific, Canada, and Latin America. It operates through Google Services, Google Cloud, and Other Bets segments. The Google Services segment provides products and services, including ads, Android, Chrome, devices, Gmail, Google Drive, Google Maps, Google Photos, Google Play, Search, and YouTube. It is also involved in the sale of apps and in-app purchases and digital content in the Google Play and YouTube; and devices, as well as in the provision of YouTube consumer subscription services. The Google Cloud segment offers infrastructure, cybersecurity, databases, analytics, AI, and other services; Google Workspace that include cloud-based communication and collaboration tools for enterprises, such as Gmail, Docs, Drive, Calendar, and Meet; and other services for enterprise customers. The Other Bets segment sells healthcare-related and internet services. The company was incorporated in 1998 and is headquartered in Mountain View, California."
fullTimeEmployees,181269
companyOfficers,"[{'maxAge': 1, 'name': 'Mr. Sundar  Pichai', 'age': 51, 'title': 'CEO & Director', 'yearBorn': 1973, 'fiscalYear': 2023, 'totalPay': 8802824, 'exercisedValue': 0, 'unexercisedValue': 0}, {'maxAge': 1, 'name': 'Ms. Ruth M. Porat', 'age': 66, 'title': 'President & Chief Investment Officer', 'yearBorn': 1958, 'fiscalYear': 2023, 'totalPay': 2515700, 'exercisedValue': 0, 'unexercisedValue': 0}, {'maxAge': 1, 'name': 'Dr. Lawrence Edward Page II', 'age': 51, 'title': 'Co-Founder & Director', 'yearBorn': 1973, 'fiscalYear': 2023, 'totalPay': 1, 'exercisedValue': 0, 'unexercisedValue': 0}, {'maxAge': 1, 'name': 'Mr. Sergey  Brin', 'age': 50, 'title': 'Co-Founder & Director', 'yearBorn': 1974, 'fiscalYear': 2023, 'totalPay': 1, 'exercisedValue': 0, 'unexercisedValue': 0}, {'maxAge': 1, 'name': 'Mr. J. Kent Walker', 'age': 63, 'title': 'President of Global Affairs, Chief Legal Officer & Company Secretary', 'yearBorn': 1961, 'fiscalYear': 2023, 'totalPay': 2511737, 'exercisedValue': 0, 'unexercisedValue': 0}, {'maxAge': 1, 'name': 'Dr. Prabhakar  Raghavan', 'age': 63, 'title': 'Senior Vice President of Knowledge and Information - Google', 'yearBorn': 1961, 'fiscalYear': 2023, 'totalPay': 2511737, 'exercisedValue': 0, 'unexercisedValue': 0}, {'maxAge': 1, 'name': 'Mr. Philipp  Schindler', 'age': 53, 'title': 'Senior Vice President & Chief Business Officer of Google', 'yearBorn': 1971, 'fiscalYear': 2023, 'totalPay': 2514032, 'exercisedValue': 0, 'unexercisedValue': 0}, {'maxAge': 1, 'name': 'Ms. Anat  Ashkenazi', 'age': 51, 'title': 'Senior VP & CFO', 'yearBorn': 1973, 'fiscalYear': 2023, 'exercisedValue': 0, 'unexercisedValue': 0}, {'maxAge': 1, 'name': ""Ms. Amie Thuener O'Toole"", 'age': 49, 'title': 'Chief Accounting Officer & VP', 'yearBorn': 1975, 'fiscalYear': 2023, 'exercisedValue': 0, 'unexercisedValue': 0}, {'maxAge': 1, 'name': 'Ms. Ellen  West', 'title': 'Vice President of Investor Relations', 'fiscalYear': 2023, 'exercisedValue': 0, 'unexercisedValue': 0}]"
compensationAsOfEpochDate,1703980800
maxAge,86400
priceHint,2
previousClose,196.98
open,195.825
dayLow,194.3
dayHigh,196.9799
regularMarketPreviousClose,196.98
regularMarketOpen,195.825
regularMarketDayLow,194.3
regularMarketDayHigh,196.9799
dividendRate,0.8
dividendYield,0.0041
exDividendDate,1733702400
payoutRatio,0.0531
beta,1.034
trailingPE,25.783821
forwardPE,21.680946
volume,13349670
regularMarketVolume,13349670
averageVolume,19241295
averageVolume10days,15601410
averageDailyVolume10Day,15601410
bid,194.16
ask,194.57
bidSize,200
askSize,200
marketCap,2370304999424
fiftyTwoWeekLow,131.55
fiftyTwoWeekHigh,202.88
priceToSalesTrailing12Months,6.974377
fiftyDayAverage,184.0916
twoHundredDayAverage,172.9593
trailingAnnualDividendRate,0.4
trailingAnnualDividendYield,0.0020306632
currency,USD
enterpriseValue,2347291115520
profitMargins,0.27738002
floatShares,10916891030
sharesOutstanding,5534000128
sharesShort,41944329
sharesShortPriorMonth,41658458
sharesShortPreviousMonthDate,1732838400
dateShortInterest,1735603200
sharesPercentSharesOut,0.0034
heldPercentInsiders,0.00022
heldPercentInstitutions,0.61439997
shortRatio,1.97
impliedSharesOutstanding,12390299648
bookValue,25.613
priceToBook,7.5902863
lastFiscalYearEnd,1703980800
nextFiscalYearEnd,1735603200
mostRecentQuarter,1727654400
earningsQuarterlyGrowth,0.336
netIncomeToCommon,94268997632
trailingEps,7.54
forwardEps,8.95
lastSplitFactor,20:1
lastSplitDate,1658102400
enterpriseToRevenue,6.907
enterpriseToEbitda,19.011
52WeekChange,0.35857642
SandP52WeekChange,0.24450636
lastDividendValue,0.2
lastDividendDate,1733702400
exchange,NMS
quoteType,EQUITY
symbol,GOOG
underlyingSymbol,GOOG
shortName,Alphabet Inc.
longName,Alphabet Inc.
firstTradeDateEpochUtc,1092922200
timeZoneFullName,America/New_York
timeZoneShortName,EST
uuid,ee8cce8c-2475-31c0-8436-ecdf889cbfbd
messageBoardId,finmb_29096
gmtOffSetMilliseconds,-18000000
currentPrice,194.41
targetHighPrice,235.0
targetLowPrice,190.0
targetMeanPrice,216.0
targetMedianPrice,216.5
recommendationMean,1.62295
recommendationKey,buy
numberOfAnalystOpinions,18
totalCash,93229998080
totalCashPerShare,7.616
ebitda,123469996032
totalDebt,29289000960
quickRatio,1.761
currentRatio,1.95
totalRevenue,339859013632
debtToEquity,9.324
revenuePerShare,27.443
returnOnAssets,0.16483
returnOnEquity,0.32101002
grossProfits,197550997504
freeCashflow,41104498688
operatingCashflow,105101000704
earningsGrowth,0.366
revenueGrowth,0.151
grossMargins,0.58127
ebitdaMargins,0.36330003
operatingMargins,0.32312
financialCurrency,USD
trailingPegRatio,1.2879
