Informazione,Descrizione
address1,One Apple Park Way
city,Cupertino
state,CA
zip,95014
country,United States
phone,(408) 996-1010
website,https://www.apple.com
industry,Consumer Electronics
industryKey,consumer-electronics
industryDisp,Consumer Electronics
sector,Technology
sectorKey,technology
sectorDisp,Technology
longBusinessSummary,"Apple Inc. designs, manufactures, and markets smartphones, personal computers, tablets, wearables, and accessories worldwide. The company offers iPhone, a line of smartphones; Mac, a line of personal computers; iPad, a line of multi-purpose tablets; and wearables, home, and accessories comprising AirPods, Apple TV, Apple Watch, Beats products, and HomePod. It also provides AppleCare support and cloud services; and operates various platforms, including the App Store that allow customers to discover and download applications and digital content, such as books, music, video, games, and podcasts, as well as advertising services include third-party licensing arrangements and its own advertising platforms. In addition, the company offers various subscription-based services, such as Apple Arcade, a game subscription service; Apple Fitness+, a personalized fitness service; Apple Music, which offers users a curated listening experience with on-demand radio stations; Apple News+, a subscription news and magazine service; Apple TV+, which offers exclusive original content; Apple Card, a co-branded credit card; and Apple Pay, a cashless payment service, as well as licenses its intellectual property. The company serves consumers, and small and mid-sized businesses; and the education, enterprise, and government markets. It distributes third-party applications for its products through the App Store. The company also sells its products through its retail and online stores, and direct sales force; and third-party cellular network carriers, wholesalers, retailers, and resellers. Apple Inc. was founded in 1976 and is headquartered in Cupertino, California."
fullTimeEmployees,164000
companyOfficers,"[{'maxAge': 1, 'name': 'Mr. Timothy D. Cook', 'age': 63, 'title': 'CEO & Director', 'yearBorn': 1961, 'fiscalYear': 2023, 'totalPay': 16239562, 'exercisedValue': 0, 'unexercisedValue': 0}, {'maxAge': 1, 'name': 'Mr. Jeffrey E. Williams', 'age': 60, 'title': 'Chief Operating Officer', 'yearBorn': 1964, 'fiscalYear': 2023, 'totalPay': 4637585, 'exercisedValue': 0, 'unexercisedValue': 0}, {'maxAge': 1, 'name': 'Ms. Katherine L. Adams', 'age': 60, 'title': 'Senior VP, General Counsel & Secretary', 'yearBorn': 1964, 'fiscalYear': 2023, 'totalPay': 4618064, 'exercisedValue': 0, 'unexercisedValue': 0}, {'maxAge': 1, 'name': ""Ms. Deirdre  O'Brien"", 'age': 57, 'title': 'Chief People Officer & Senior VP of Retail', 'yearBorn': 1967, 'fiscalYear': 2023, 'totalPay': 4613369, 'exercisedValue': 0, 'unexercisedValue': 0}, {'maxAge': 1, 'name': 'Mr. Kevan  Parekh', 'age': 52, 'title': 'Senior VP & CFO', 'yearBorn': 1972, 'fiscalYear': 2023, 'exercisedValue': 0, 'unexercisedValue': 0}, {'maxAge': 1, 'name': 'Mr. Chris  Kondo', 'title': 'Senior Director of Corporate Accounting', 'fiscalYear': 2023, 'exercisedValue': 0, 'unexercisedValue': 0}, {'maxAge': 1, 'name': 'Suhasini  Chandramouli', 'title': 'Director of Investor Relations', 'fiscalYear': 2023, 'exercisedValue': 0, 'unexercisedValue': 0}, {'maxAge': 1, 'name': 'Mr. Greg  Joswiak', 'title': 'Senior Vice President of Worldwide Marketing', 'fiscalYear': 2023, 'exercisedValue': 0, 'unexercisedValue': 0}, {'maxAge': 1, 'name': 'Mr. Adrian  Perica', 'age': 50, 'title': 'Head of Corporate Development', 'yearBorn': 1974, 'fiscalYear': 2023, 'exercisedValue': 0, 'unexercisedValue': 0}, {'maxAge': 1, 'name': 'Mr. Michael  Fenger', 'title': 'VP of Worldwide Sales', 'fiscalYear': 2023, 'exercisedValue': 0, 'unexercisedValue': 0}]"
auditRisk,3
boardRisk,1
compensationRisk,3
shareHolderRightsRisk,1
overallRisk,1
governanceEpochDate,1735689600
compensationAsOfEpochDate,1703980800
irWebsite,http://investor.apple.com/
maxAge,86400
priceHint,2
previousClose,237.87
open,237.35
dayLow,228.03
dayHigh,238.01
regularMarketPreviousClose,237.87
regularMarketOpen,237.35
regularMarketDayLow,228.03
regularMarketDayHigh,238.01
dividendRate,1.0
dividendYield,0.0042
exDividendDate,1731024000
payoutRatio,0.1612
fiveYearAvgDividendYield,0.61
beta,1.24
trailingPE,37.481113
forwardPE,27.486237
volume,68999102
regularMarketVolume,68999102
averageVolume,44906606
averageVolume10days,44955650
averageDailyVolume10Day,44955650
bid,228.04
ask,228.43
bidSize,5000
askSize,100
marketCap,3432551022592
fiftyTwoWeekLow,164.08
fiftyTwoWeekHigh,260.1
priceToSalesTrailing12Months,8.778117
fiftyDayAverage,239.0302
twoHundredDayAverage,216.4188
trailingAnnualDividendRate,0.98
trailingAnnualDividendYield,0.0041198977
currency,USD
enterpriseValue,3649488814080
profitMargins,0.23971
floatShares,15091184209
sharesOutstanding,15037899776
sharesShort,157008120
sharesShortPriorMonth,154104746
sharesShortPreviousMonthDate,1732838400
dateShortInterest,1735603200
sharesPercentSharesOut,0.0104
heldPercentInsiders,0.02066
heldPercentInstitutions,0.62294996
shortRatio,3.37
shortPercentOfFloat,0.0104
impliedSharesOutstanding,15146300416
bookValue,3.767
priceToBook,60.594635
lastFiscalYearEnd,1727481600
nextFiscalYearEnd,1759017600
mostRecentQuarter,1727481600
earningsQuarterlyGrowth,-0.358
netIncomeToCommon,93736001536
trailingEps,6.09
forwardEps,8.31
lastSplitFactor,4:1
lastSplitDate,1598832000
enterpriseToRevenue,9.333
enterpriseToEbitda,27.101
52WeekChange,0.2610401
SandP52WeekChange,0.24450636
lastDividendValue,0.25
lastDividendDate,1731024000
exchange,NMS
quoteType,EQUITY
symbol,AAPL
underlyingSymbol,AAPL
shortName,Apple Inc.
longName,Apple Inc.
firstTradeDateEpochUtc,345479400
timeZoneFullName,America/New_York
timeZoneShortName,EST
uuid,8b10e4ae-9eeb-3684-921a-9ab27e4d87aa
messageBoardId,finmb_24937
gmtOffSetMilliseconds,-18000000
currentPrice,228.26
targetHighPrice,325.0
targetLowPrice,184.0
targetMeanPrice,247.925
targetMedianPrice,250.0
recommendationMean,1.89362
recommendationKey,buy
numberOfAnalystOpinions,42
totalCash,65171001344
totalCashPerShare,4.311
ebitda,134660997120
totalDebt,119058997248
quickRatio,0.745
currentRatio,0.867
totalRevenue,391034994688
debtToEquity,209.059
revenuePerShare,25.485
returnOnAssets,0.21464
returnOnEquity,1.5741299
grossProfits,180682997760
freeCashflow,110846001152
operatingCashflow,118254002176
earningsGrowth,-0.341
revenueGrowth,0.061
grossMargins,0.46206
ebitdaMargins,0.34437
operatingMargins,0.31171
financialCurrency,USD
trailingPegRatio,2.1677
